[{"id":"user-image-Artboard7-100.jpg","publicUrl":"np://user.desktop.nicepage.com/Site_196376356/images/Artboard7-100.jpg","size":674744,"hash":"U7fdsgUl/lYzGCRiSkY2+d3l9Wc=","fileName":"Artboard7-100.jpg","name":"Artboard7-100","width":596,"height":596,"thumbnail":{"url":"np://user.desktop.nicepage.com/Site_196376356/images/thumbnails/Artboard7-100.jpg","width":250,"height":250},"folderId":null,"usages":[]},{"id":"user-image-Artboard9-100.jpg","publicUrl":"np://user.desktop.nicepage.com/Site_196376356/images/Artboard9-100.jpg","size":903641,"hash":"0X2ZH99mQI/5GR3ULYJbAC9Lmd0=","fileName":"Artboard9-100.jpg","name":"Artboard9-100","width":596,"height":843,"thumbnail":{"url":"np://user.desktop.nicepage.com/Site_196376356/images/thumbnails/Artboard9-100.jpg","width":177,"height":250},"folderId":null,"usages":["227523524"]},{"id":"user-image-Artboard6-100.jpg","publicUrl":"np://user.desktop.nicepage.com/Site_196376356/images/Artboard6-100.jpg","size":1046810,"hash":"NJbexEYoVRe89IkoNlmPlsUvfUc=","fileName":"Artboard6-100.jpg","name":"Artboard6-100","width":596,"height":843,"thumbnail":{"url":"np://user.desktop.nicepage.com/Site_196376356/images/thumbnails/Artboard6-100.jpg","width":177,"height":250},"folderId":null,"usages":["227523524"]},{"id":"user-image-Artboard4-100.jpg","publicUrl":"np://user.desktop.nicepage.com/Site_196376356/images/Artboard4-100.jpg","size":882781,"hash":"+b4x9sXo2I+9vcIXeiTzGdOLlpM=","fileName":"Artboard4-100.jpg","name":"Artboard4-100","width":597,"height":842,"thumbnail":{"url":"np://user.desktop.nicepage.com/Site_196376356/images/thumbnails/Artboard4-100.jpg","width":177,"height":250},"folderId":null,"usages":["227523524"]},{"id":"user-image-Artboard3-100.jpg","publicUrl":"np://user.desktop.nicepage.com/Site_196376356/images/Artboard3-100.jpg","size":905332,"hash":"jZQ3LF79hDD3Bg81OR9oi2Vwr2I=","fileName":"Artboard3-100.jpg","name":"Artboard3-100","width":596,"height":842,"thumbnail":{"url":"np://user.desktop.nicepage.com/Site_196376356/images/thumbnails/Artboard3-100.jpg","width":177,"height":250},"folderId":null,"usages":["227523524"]},{"id":"user-image-Artboard2-100.jpg","publicUrl":"np://user.desktop.nicepage.com/Site_196376356/images/Artboard2-100.jpg","size":981402,"hash":"q7hAzWGrLTq6eCTapaZTZtND5IM=","fileName":"Artboard2-100.jpg","name":"Artboard2-100","width":596,"height":842,"thumbnail":{"url":"np://user.desktop.nicepage.com/Site_196376356/images/thumbnails/Artboard2-100.jpg","width":177,"height":250},"folderId":null,"usages":["227523524"]},{"id":"user-image-Night-Minimalist-Wallpapers.jpg","publicUrl":"np://user.desktop.nicepage.com/Site_196376356/images/Night-Minimalist-Wallpapers.jpg","size":97163,"hash":"u+x91xzmOhgOufG+dlKQRUip9UQ=","fileName":"Night-Minimalist-Wallpapers.jpg","name":"Night-Minimalist-Wallpapers","width":2484,"height":1398,"thumbnail":{"url":"np://user.desktop.nicepage.com/Site_196376356/images/thumbnails/Night-Minimalist-Wallpapers.jpg","width":250,"height":141},"folderId":null,"usages":["121530922","227523524"]},{"id":"user-image-z4564837401966_c2e026457a6de09edb108e20e55e4d31.jpg","publicUrl":"np://user.desktop.nicepage.com/Site_196376356/images/z4564837401966_c2e026457a6de09edb108e20e55e4d31.jpg","size":1219596,"hash":"2V/hl6nqc+t6uEl0i+khSGXIgCA=","fileName":"z4564837401966_c2e026457a6de09edb108e20e55e4d31.jpg","name":"z4564837401966_c2e026457a6de09edb108e20e55e4d31","width":2082,"height":2560,"thumbnail":{"url":"np://user.desktop.nicepage.com/Site_196376356/images/thumbnails/z4564837401966_c2e026457a6de09edb108e20e55e4d31.jpg","width":203,"height":250},"folderId":null,"usages":["121530922","227523524"]},{"id":"user-image-thiet-ke-mau-sac.jpg","publicUrl":"np://user.desktop.nicepage.com/Site_196376356/images/thiet-ke-mau-sac.jpg","size":77467,"hash":"+vskGRq9HFZiy5dGI4VVDOWFMPc=","fileName":"thiet-ke-mau-sac.jpg","name":"thiet-ke-mau-sac","width":1024,"height":576,"thumbnail":{"url":"np://user.desktop.nicepage.com/Site_196376356/images/thumbnails/thiet-ke-mau-sac.jpg","width":250,"height":141},"folderId":null,"usages":["227523524"]}]