[{"id":2790225933,"status":2,"title":"Blog Template","order":1,"templateKey":"blog","customTemplate":false,"customTemplateFilename":null,"pageLinks":[],"dateCreated":"2023-08-01T02:51:40.448Z","dateUpdated":"2023-08-01T02:51:41.952Z","folderId":null,"pageName":"Blog Template"},{"id":92976847,"status":2,"title":"Post Template","order":2,"templateKey":"post","customTemplate":false,"customTemplateFilename":null,"pageLinks":[],"dateCreated":"2023-08-01T02:51:40.644Z","dateUpdated":"2023-08-01T02:51:41.988Z","folderId":null,"pageName":"Post Template"},{"id":224799290,"status":2,"title":"Product List Template","order":3,"templateKey":"products","customTemplate":false,"customTemplateFilename":null,"pageLinks":[],"dateCreated":"2023-08-01T02:51:40.813Z","dateUpdated":"2023-08-01T02:51:42.003Z","folderId":null,"pageName":"Product List Template"},{"id":78765257,"status":2,"title":"Product Details Template","order":4,"templateKey":"product","customTemplate":false,"customTemplateFilename":null,"pageLinks":[],"dateCreated":"2023-08-01T02:51:40.985Z","dateUpdated":"2023-08-01T02:51:42.035Z","folderId":null,"pageName":"Product Details Template"},{"id":51793025,"status":2,"title":"Shopping Cart Template","order":5,"templateKey":"cart","customTemplate":false,"customTemplateFilename":null,"pageLinks":[],"dateCreated":"2023-08-01T02:51:41.130Z","dateUpdated":"2023-08-01T02:51:42.050Z","folderId":null,"pageName":"Shopping Cart Template"},{"id":14833421,"status":2,"title":"Checkout Template","order":6,"templateKey":"checkout","customTemplate":false,"customTemplateFilename":null,"pageLinks":[],"dateCreated":"2023-08-01T02:51:41.310Z","dateUpdated":"2023-08-01T02:51:42.081Z","folderId":null,"pageName":"Checkout Template"},{"id":11698584,"status":2,"title":"Login Template","order":7,"templateKey":"login","customTemplate":false,"customTemplateFilename":null,"pageLinks":[],"dateCreated":"2023-08-01T02:51:41.414Z","dateUpdated":"2023-08-01T02:51:42.105Z","folderId":null,"pageName":"Login Template"},{"id":72706190,"status":2,"title":"Page Password Template","order":8,"templateKey":"password","customTemplate":false,"customTemplateFilename":null,"pageLinks":[],"dateCreated":"2023-08-01T02:51:41.490Z","dateUpdated":"2023-08-01T02:51:42.121Z","folderId":null,"pageName":"Page Password Template"},{"id":873804102,"status":2,"title":"404 Not Found Template","order":9,"templateKey":"404","customTemplate":false,"customTemplateFilename":null,"pageLinks":[],"dateCreated":"2023-08-01T02:51:41.558Z","dateUpdated":"2023-08-01T02:51:42.137Z","folderId":null,"pageName":"404 Not Found Template"},{"id":184079351,"status":2,"title":"Home","order":50,"templateKey":null,"customTemplate":false,"customTemplateFilename":null,"pageLinks":[],"dateCreated":"2023-08-01T02:51:42.749Z","dateUpdated":"2023-08-01T02:53:23.118Z","folderId":null,"pageName":"Home_184079351"},{"id":292219743,"status":2,"title":"About","order":100,"templateKey":null,"customTemplate":false,"customTemplateFilename":null,"pageLinks":[],"dateCreated":"2023-08-01T02:51:41.622Z","dateUpdated":"2023-08-01T02:51:42.152Z","folderId":null,"pageName":"About_292219743"},{"id":31909152,"status":2,"title":"Contact","order":101,"templateKey":null,"customTemplate":false,"customTemplateFilename":null,"pageLinks":[],"dateCreated":"2023-08-01T02:51:41.678Z","dateUpdated":"2023-08-01T02:51:42.168Z","folderId":null,"pageName":"Contact_31909152"},{"id":175312776,"status":2,"title":"Page 1","order":102,"templateKey":null,"customTemplate":false,"customTemplateFilename":null,"pageLinks":[],"dateCreated":"2023-08-01T02:53:29.843Z","dateUpdated":"2023-08-01T02:56:24.838Z","folderId":null,"pageName":"Page 1_175312776"},{"id":121530922,"status":2,"title":"Page 2","order":103,"templateKey":null,"customTemplate":false,"customTemplateFilename":null,"pageLinks":[],"dateCreated":"2023-08-01T03:01:17.823Z","dateUpdated":"2023-08-01T04:06:38.501Z","folderId":null,"pageName":"Page 2_121530922"},{"id":227523524,"status":2,"title":"TUONG","order":104,"templateKey":null,"customTemplate":false,"customTemplateFilename":null,"pageLinks":[],"dateCreated":"2023-08-01T04:07:15.863Z","dateUpdated":"2023-08-02T01:48:24.097Z","folderId":null,"pageName":"TUONG_227523524"},{"id":2374130523,"status":2,"title":"Page 4","order":105,"templateKey":null,"customTemplate":false,"customTemplateFilename":null,"pageLinks":[],"dateCreated":"2023-08-01T04:07:35.738Z","dateUpdated":"2023-08-01T04:07:35.738Z","folderId":null,"pageName":"Page 4_2374130523"},{"id":49797544,"status":2,"title":"Page 5","order":106,"templateKey":null,"customTemplate":false,"customTemplateFilename":null,"pageLinks":[],"dateCreated":"2023-08-01T04:08:42.723Z","dateUpdated":"2023-08-01T04:09:38.464Z","folderId":null,"pageName":"Page 5_49797544"}]